{
  "Jocelyn_baker___Mommy_wants_a_baby.mp4": 3,
  "Mom_wants_creampie.mp4": 3,
  "Mommys_Girl_-ae-9.mp4": 5,
  "Mommys_Girl_-ava-adams-ae-3.mp4": 4,
  "Mommys_Girl_-ava-adams-ae-4.mp4": 4,
  "MissaX_Mommys_Boys_-_cp-6.mp4": 4,
  "Alura_Stepmom-_Filling_dads_shoes-boobs-cp-4.mp4": 3,
  "Sasha_Curves_-_Mommy_and_son_start_a_family.mp4": 3,
  "SloansMoans_-_Let_Mommy_Drain_You.mp4": 3,
  "SloansMoans_-_Mommy_Is_Your_First.mp4": 4,
  "SloansMoans_-_Mommy__The_Therapist.mp4": 4,
  "Dirty-Talking-Mom.mp4": 3,
  "Fiona_Costello_-_Intimate_-_Fuck_Me_In_Missionary.mp4": 4,
  "Clover_Wants_Both_-_cp-7-np-9.mp4": 4,
  "Jocelyn_Baker_-_Netflix_and_chill.mp4": 4,
  "Jocelyn_Baker___Mommy_Needs.mp4": 4,
  "Jocelyn_Baker-_Leia-cp-9.mp4": 5,
  "Margo-Sullivan_wants-cp-5.mp4": 4,
  "mommysgirl-boobs-ae-7.mp4": 4,
  "Annabelle_Rogers_Mommy_Milkers.mp4": 3,
  "Ava_Nicks_Big_Boobs.mp4": 3,
  "Big_Creampie_To_My_Big_Boobs_Mature_Stepmom.mp4": 3,
  "Busty_Step_Mom_Fucks_POV.mp4": 3,
  "Buxom_Milf_wants_to_check.mp4": 3,
  "Caring_For_My_Stepmother-480p.mp4": 3,
  "Don-t-Leave-Your-Mean-Mommy_Lalunalewd_converted.mp4": 4,
  "Fiona_Costello_-_Fill_Mommy_Up.mp4": 4,
  "Fiona_Costello_-_IM_TINGLING__Mommy.mp4": 4,
  "Fiona_Costello_-_Playing_In_The_Kiddie_Pool.mp4": 5,
  "Jocelyn_Baker-_wants_Baby-cp-8.mp4": 5,
  "Kelly_Payne_-_ABDL_-_Naughty_And_Nice_Mommy.mp4": 4,
  "LaLunaLewd_-_Mommy.mp4": 3,
  "LaLunalewd_-_Mommy_Taboo.mp4": 3,
  "Lalunalewd_-_End_of_the_World_with_Mommy.mp4": 4,
  "Selah_Rain_-_Mom_Gangbanged_By_Three_Sons_For_Her_Birthday.mp4": 4,
  "Margo_Sullivan_-_Sucking_Son_Volume_1.mp4": 2,
  "Margo_Sullivan_-_Sucking_Son_Volume_3.mp4": 3,
  "Margo_Sullivan_-_Sucking_Son_Volume_2.mp4": 3,
  "Margo_Sullivan_-_Mommy_With_Her_Adult_Suckling_Son.mp4": 4,
  "Margo_Sullivan_-_Mommy_And_Her_Suckling_Son.mp4": 2,
  "Mother_Love_Hand_For_Son.mp4": 4,
  "Lolly_Dames__Brookie_Blair_-_Is_It_Really_Okay_To_Breed_My_Mom.mp4": 3,
  "Rachel_Steele_-_Want_To_Do_Something_With_Your_Mom_-_Filthy_POV.mp4": 4,
  "Oh_No__You_Gave_Me_A_Creampie_.mp4": 3,
  "Step_son_impregnated_not_his_lonely_Step_mom_again.mp4": 4,
  "Taboo_Most_Good_Scenes.mp4": 3,
  "Breastfeeding_And_Giving_Handjob.mp4": 3,
  "All_Natural_Blonde_Step_Daughter_Coco_Lovelock_Pussy.mp4": 4,
  "Violet_Starr_Big_Titted_Daddy_Loves_My_Big_Tits.mp4": 4,
  "Violet_Starr_-_My_Sweet_Step_Daughter.mp4": 4,
  "Skylar_Vox_-_Submissive_daughter.mp4": 3,
  "Dylann_Vox_-_Discipline_Your_Bratty_Goth_Daughter.mp4": 4,
  "Skylar_Vox_-_Creamed.mp4": 3,
  "Skylar_Vox_-_Daughter_Disciplined_By_Dad.mp4": 3,
  "Skylar_Vox_-_Busty_Daughter_Is_Always_Horny.mp4": 4,
  "Samantha_Hayes_fucks_her_Dad_better_than_Mommy.mp4": 3,
  "Natalie_Knight_-_Cream_Filled_College_Girl_Vol_5.mp4": 3,
  "Bess_Breast_-_Free_Use_Daughter_1_-_Is_This_Bikini_Small_Enough.mp4": 4,
  "Bess_Breast_-_Free_Use_Daughter_2_-_You_Really_Should_Knock_Before_Cumming_In.mp4": 4,
  "Jaybbgirl_-_Dad_Impregnation_Fantasy.mp4": 3,
  "Annabelle_Rogers_-_Unexpected_Taboo_Morning_Sex_With_Your_Mother_Before_School.mp4": 4,
  "Lena_Paul_-_Family_Members_-_The_Love_is_Huge.mp4": 4,
  "Lena_Paul_in_Daddy_Issues_-_Regrets.mp4": 4,
  "Lena_Paul_in_Daddy_Issues_-_Dont_Be_Mad_Mom.mp4": 3,
  "Lena_Paul_-_Daddy_Issues_-_Bare_back_Studios.mp4": 3,
  "Bess_Breast_-_Breasts_Are_the_Best.mp4": 4,
  "Dee_Williams__Natalie_Knight_-_Moms_Tough_Love_-_MommysGirl.mp4": 4,
  "Jasmine_Wilde_-_Daughter_Keeps_Daddy_Home_To_Play.mp4": 3,
  "Mom_Begs_Stepson_For_Creampie.mp4": 4,
  "Kelly_Payne_-_Mom_Talks_About_Birds_And_Bees.mp4": 4,
  "SloansMoans_-_You_Belong_To_Mommy.mp4": 4,
  "SloansMoans_-_Mommy_is_Here_For_You.mp4": 4,
  "MILF_VR_Moms_big_tits-480p.mp4": 2,
  "lalunalewd_The-Truth-About-Mommy_converted.mp4": 4,
  "Vanessa_Cage-_Daddy.mp4": 3,
  "PureTaboo_The.List.mp4": 4,
  "Mommys_Girl_Big_Boobs.mp4": 3,
  "MissaX_Alexis_Fawx_-_The_Getaway_V_Camping_Edition-cp-8.mp4": 4,
  "Penny_Pax-cp-8.mp4": 4,
  "Penny_Pax-cp-7.mp4": 4,
  "Natasha-nice-violet-Penny_Pax-mommysgirl-boobs-ae-8.mp4": 4,
  "stepmom-lauren-boobs-cp-8.mp4": 4,
  "stepmom-boobs-cp-8-np9.com.mp4": 4,
  "Riley_Star_-_Mom_Is_Not_Coming_Back_Sweetheart_-_Pure_Taboo.mp4": 3,
  "Father_makes_his_Daughter_a_woman._Vanessa_Cage.mp4": 2,
  "Jessica_Starling_-_Impregnate_Mommy.mp4": 2,
  "Mistress_T_-_Mum_Loves_Blue_Balls.mp4": 2,
  "Karlee_Grey__Mindi_Mink_-_Power_Outage_-_MommysGirl.mp4": 3,
  "Ivana_Montana_-_Son_cums_inside_mom.mp4": 2,
  "Lumi_Ray_-_Filled_With_Dads_Cum.mp4": 3,
  "Vanessa_Cage_-_Free_Use_Family_nocp.mp4": 4,
  "Vanessa_Cage_-_Penetrating_My_Daughter.mp4": 2,
  "Alison_Rey_-_A_Daughters_Love_-_Pure_Taboo.mp4": 3,
  "MissaX_-_Use_Me_to_stay_faithful_daddy.mp4": 3,
  "Mom_helps_both_sons_cum.mp4": 2,
  "Daddy_dont_go.mp4": 3,
  "Serena_Blair__Mindi_Mink_-_What_Were_You_Thinking_Mom_-_MommysGirl.mp4": 3,
  "Krissy_Lynn_-_Movie_Night_with_Daughter.mp4": 3,
  "Carmen_Grant_-_Make_Me_Teenage_And_Pregnant__Daddy.mp4": 3,
  "Courtney_Scott_-_Fill_Me_Up_Daddy.mp4": 2,
  "Courtney_Scott_-_Mom_makes_me_cum_inside_her.mp4": 2,
  "Courtney_Scott_-_Fuck_Me_Daddy.mp4": 2,
  "This_Is_Not_A_Mommy_Movie.mp4": 3,
  "I_Can_Make_This_All_Go_Away_Sarah_Arabic.mp4": 3,
  "Chloe_Surreal_-_Daddy_Time.mp4": 3,
  "Alura_-_Pov_Big_Boobs_Plump_Mom_Shows_Son_Love_With_Incest.mp4": 3,
  "Sophia_West_-_A_Mother_S_Confession_-_Missax.mp4": 4,
  "Kat_Marie_The_New_Best_Friend.mp4": 4,
  "Alura_jenson_cheering_up_mom.mp4": 3,
  "Big_Tits_Redhead_MILF_Step_Mommy_Ellie_Fucks_Step_Son_where_no_one_can_see.mp4": 3,
  "Grandma_convinces_Mom_to_have_sex_with_her_Son.mp4": 4,
  "Kat_Marie_-_Summer_With_Mom_2_-_The_Secret_-_Taboo_Heat.mp4": 4,
  "Kat_Marie_-_Summer_With_Mom_1_-_Catching_Up_-_Taboo_Heat.mp4": 4,
  "Kat_Marie_-_Don_t_Cum_In_A_Condom__Cum_In_Me_-_My_Pervy_Family.mp4": 4,
  "Lovely_Lilith_-_Caught_Mom_Cheating.mp4": 3,
  "Lila_Lovely_-_Caution__Wet_Mom_-_Oops_Family.mp4": 3,
  "Creampie_my_big_jugs_stepmom_while_dad_out_of_town.mp4": 4,
  "Big_natural_tits_milf_give_handjob_sex_video.mp4": 3,
  "Mom_wakes_son_up_for_school_complete.mp4": 3,
  "Mom_begs_son_for_a_creampie.mp4": 5,
  "Joclyn_Stone_-_Mom_Distractions.mp4": 3,
  "Violet_Starr_-_My_Daughter_Squirts_Vol_5_-_Diabolic_Video.mp4": 3,
  "Violet_Starr_-_Family_Favors_Volume_3_-_Family_Sinners.mp4": 3,
  "Angel_Youngs_-_Dirty_Talking_Daughters_6_-_LethalHardcore.mp4": 3,
  "Heather_Honey_-_My_Daddy_Trained_Me_Well_8_-_LethalHardcore.mp4": 3,
  "Mischa_Brooks_-_My_Daughter_Tossed_My_Salad_6_-_LethalHardcore.mp4": 3,
  "Eliza_Eves_-_Chin_Up__Buttercup_-_Pure_Taboo.mp4": 3,
  "Lexi_Lore_-_Daddys_Special_Hug_-_Pure_Taboo.mp4": 3,
  "Mommy_Dirty_Talk_N4L.mp4": 3,
  "Violet_Starr_-_Wants_A_Taste_Of_Daddys_Warm_Cum_-_Bad_Daddy_POV.mp4": 3,
  "Payton_Hall_-_Son_Knocks_Up_Mom.mp4": 3,
  "CodiX_-_Mom_Impregnation.mp4": 3,
  "Xev_Bellringer_-_Mommy_s_Honeymoon.mp4": 3,
  "Amber_Alder_-_Mom_the_Internet_is_Broken.mp4": 4,
  "Xev_Bellringer_in_Impregnating_Mommy__More_Immersive_.mp4": 4,
  "Jill_Kassidy__Rachael_Cavalli__Bunny_Madison__Codi_Vore_-_A_Jaunt_With_The_Aunts_-_MommysGirl.mp4": 3,
  "Jaybbgirl_-_Breed_Me__Daddy.mp4": 3,
  "Rachel_Steele_-_son_comes_home_red.mp4": 3,
  "Rebel_Lynn__Mindi_Mink_-_Sex_Texts_-_MommysGirl.mp4": 3,
  "Natasha_Nice__Eliza_Eves_-_You_Did_Great__Honey_-_MommysGirl.mp4": 3,
  "Penny_Pax_Taboo_Mom_Son_Roleplay.mp4": 5,
  "Kelly_Payne_-_Prince_Lays_Seed_Within_Mother_Queen.mp4": 4,
  "Sasha_Curves_-_Always_Been_You_Mom.mp4": 3,
  "Brianna_Beach_-_Gentle_touch.mp4": 3,
  "Kelly_Payne_-_Bunkbed_Troublemakers.mp4": 3,
  "Kelly_Payne_-_Pregnant_Mom_Wants_DP_From_Sons.mp4": 3,
  "Kelly_Payne_-_Arrangment_With_Hard_Working_Mom.mp4": 4,
  "Mistress_T_-_My_Boy.mp4": 3,
  "The_Good_Daughter_starring_Renee_Roulette.mp4": 2,
  "Clover_Baltimore__Sabrina_Violet_-_The_Birds_And_The_Bees_With_Mom_And_Dad.mp4": 3,
  "Mel_Melons_-_Massive_Mommy_Jugs.mp4": 3,
  "Huge_naturals_missionary_VR.mp4": 2,
  "Missionary_Close_Up_Compilation.mp4": 2,
  "MOMMY_S_BOY_-_Moody_18yo_Boy_Wants_To_Be_Able_To.mp4": 3,
  "Stepmom_Motivation.mp4": 3,
  "Busty_Mom_Puts_Salt_And_Pepper_Into_Lazy_Stepson_s_Salad_-_Amber_Lynn_Bach.mp4": 3,
  "Ryan_Keely_-_Mommy_Does_It_Best_in_HD.mp4": 3,
  "Gabbie_Carter_-_Daddys_Little_Secret_-_New_Sensations.mp4": 3,
  "Xev_Bellringer-cp-7.mp4": 4,
  "Xev_Bellringer-cp-7-np-9.mp4": 3,
  "Natasha-nice-cp-9.mp4": 3,
  "Melanie_Hicks__Alexa_Payne_-_Free_Use_Step_Mom_Vol_1_Part_2-4.mp4": 3,
  "Mona_Wales__and_Kristen_Scott__-_The_Other_Woman_-_MissaX.mp4": 2,
  "Annabelle_Rogers___Impregnating_Your_Mommy_on_Her_Wedding_Anniversary.mp4": 3,
  "Blow_Rayne_-_Impregnate_Your_Dumb_Mommy.mp4": 2,
  "Bridgett_Lee_Seducing_Milf_With_Kisses_Hd.mp4": 4,
  "Syren_De_Mer_-_Taking_Care_Of_mom_-_PureTaboo.mp4": 3,
  "Vr_milf.mp4": 2,
  "Scarlett_Venom___When_a_Helping_Hand_Goes_Too_Far.mp4": 3,
  "Rika_mommysun.mp4": 2,
  "Jewell_Marceau_-_Spying_On_Your_Mom_Doing_Laundry_In_Her_Bra_And_Panties.mp4": 2,
  "Fucked_stepmother_while_she_s_in_bed.mp4": 3,
  "Busty_Step_mom.mp4": 2,
  "CockNinjaStudios_-_Son_Interrupts_Mom_In_The_Bath.mp4": 4,
  "London_River_-_Forbidden_Desires_2.mp4": 3,
  "Amy_Jean_Snyder_-_Forbidden_Desires.mp4": 4,
  "Son_cum_inside_his_stepmom_because_of_cheating_dad.mp4": 3,
  "I_Accidentally_Kissed_My_Busty_Stepmom.mp4": 3,
  "Stepson_stop_those_stepmom_vids_and_try_me.mp4": 3,
  "Busty_Blonde_Stepmom_Lets_Her_Sexy_Step_Son_Screw_Her_Senseless.mp4": 3,
  "My_Stepson_Had_To_Do_It.mp4": 2,
  "Guilty_Stepmom_Wants_Final_Creampie.mp4": 3,
  "EPORNER.COM_-__asoM0gR4eyt__Lauren_Phillips_Anal_VR__720_.mp4": 2,
  "Maggie_Green_-_Booty_Mom_Makes_Amazing_Bj_And_Fucks_Shy_Step_Son.mp4": 2,
  "Stepmom__I_Wanna_Pregnant_You_Please.mp4": 3,
  "Big_Slut_Mom_Melony_Melons_Fucks_Big_Hard_Dick_Pounding_Hard.mp4": 2,
  "Stepmom_milks_his_cock_to_keep_her_stepson_chaste.mp4": 2,
  "Stepmom_let_me_bust_a_fat_load_inside_of_her_pussy.mp4": 2,
  "Dad_lets_son_fuck_busty_stepmom_as_allowance.mp4": 3,
  "Mommy_got_a_fresh_new_role_-_sucks_cock.mp4": 2,
  "Fiona_Costello_-_4th_Grade_Boners.mp4": 2,
  "Chad_Got_a_Reach_Around_Handjob_from_Big_titted_Milf_Mom.mp4": 2,
  "Can_t_say_no_to_mouth_watering_MILF_stepmom_Sophia_Locke_who_wants_breeding.mp4": 3,
  "Movie_Night_with_Mommy.mp4": 2,
  "Mom_fantasy_vol.9__son_cums_inside_her_pussy_.mp4": 2,
  "Step_aunt_seduces_her_step_nephew_gets_a_creampie.mp4": 2,
  "LaLunaLewd_-_Saving_Your_Depressed_Mom.mp4": 3,
  "LaLunaLewd_-_Submissive_Mommy_Fucks_Jealous_Son.mp4": 2,
  "LaLunaLewd_-_Morning_Sex_With_Mommy.mp4": 3,
  "LaLunaLewd_-_Mommy_Fucks_Your_Night_Boner.mp4": 3,
  "Creampie_and_Cumshot_Milf_Comp_1.mp4": 2,
  "LaLunaLewd_-_Mom_Works_At_The_Sperm_Bank.mp4": 3,
  "Codi_Vore_-_Mommy_Catches_You_Watching_Her_Porn.mp4": 2,
  "Lila_Lovely_-_Your_Mom_Wants_Your_Dick_Before_She_Leaves.mp4": 3,
  "Wet_stepmom_Lila_Lovely_lies_down_next_to_her_stepson_s_cock_to_keep_him_warm.mp4": 3,
  "we_really_missed_you__mom.mp4": 3,
  "Voluptuous_Cakes___Candles_Celebration.mp4": 2,
  "TOP_5_PURE_TABOO_CREAMPIES.mp4": 2,
  "the_answer_to_your_problems__son.mp4": 2,
  "Creampie_and_Cumshot_Milf_Comp_3.mp4": 2,
  "Diane_Andrews_-_Mommy_Age_Play.mp4": 3,
  "PaintedRose_-_Wet_Willy_Wanking_Suckling_Moms_Tits.mp4": 2,
  "PaintedRose_-_Warm_And_Wet_Owning_Mom_s_Holes.mp4": 2,
  "PaintedRose_-_Make_Cummies_For_Mommy.mp4": 2,
  "Kelly_Payne_-_Pregnant_Mom_Needs_You_To_Cum.mp4": 3,
  "Kelly_Payne_-_Fuck_Your_Mother.mp4": 3,
  "PaintedRose_-_Mommy_Kisses_It.mp4": 3,
  "Making_A_Creampie_Video_With_My_Friends_Busty_Mom.mp4": 2,
  "creampie_big_tit_mature_mom_fuck_sons.mp4": 2,
  "Danni_Jones_-_Mom_Catches_Son_Hiding_Evidence_-_AuntJudysXXX.mp4": 4,
  "Maggie_Green_-_Stepmom_Maggie_Green_Is_Baking_For_Stepson_And_Gets_Creampied.mp4": 4,
  "MATURE_BRITISH_STEPMOM_CREAMPIE_-_Rachel_Steele.mp4": 4,
  "Stepmom_and_stepson._And_why_are_they_sharing_a_bed_in_a_hotel_room.mp4": 3,
  "Helping_My_Stepmom_Get_Pregnant.mp4": 3,
  "MILF_Creampie.mp4": 3,
  "Lusting_For_Stepmom.mp4": 3,
  "Clover_Baltimore__Sabrina_Violet_-_The_Birds_And_The_Bees_With_Mom_And_Dad_-_2.mp4": 4,
  "Kat_Marie___Sex_Feels_Better_Without_A_Condom.mp4": 4,
  "Kat_Marie___Maybe_You_Should_Just_Share.mp4": 3,
  "_FillUpMyMom__London_River___Your_Dad_Doesn_t_Suspect_Anything_So.mp4": 3,
  "A_Push_From_The_Nest_Pt._3_-_Dee_Williams.mp4": 4,
  "Missax_rayveness__study_break_.mp4": 4,
  "let_mommy_teach_you_some_lessons.mp4": 3,
  "perv_attraction_needs_counteraction.mp4": 3,
  "MOMMY_S_BOY_-_Perv_Teen_Caught_Masturbating_Is_REVERSE_GANGBANGED.mp4": 2,
  "Stepmom_i_am_sure_you_are_fucking_hot.mp4": 3,
  "Brianna_Beach_-_A_Chance.mp4": 3,
  "Nicole_Nabors_-_Mom_s_Unwanted_Creampie.mp4": 3,
  "Nicole_Nabors_-_Mommy_Wants_Your_Seed.mp4": 4,
  "Autumn_J_Cooper_-_Mom_Caught_You_Spying_On_Her_Trying_On_Panties.mp4": 4,
  "Momwantscreampie_rebecca.volpetti.my.crush.married.my.dad.480p.mp4": 2,
  "Gabbie_Carter_-_Naughty_Daughter_-_Family_Boxxx.mp4": 4,
  "Horny_Stepdad_Fucks_Huge_Tits_Stepdaughter_In_His_Dream_-_Gabbie_Carter.mp4": 4,
  "Goddess_Fiona_-_I_Missed_My_Son.mp4": 2,
  "Goddess_Fiona_-_Runaway_Lovers.mp4": 2,
  "Goddess_Fiona_-_Completely_Candid_Taboo_Discussion_2.mp4": 2,
  "Sasha_Curves_-_Mom_Offers_To_Be_Your_Surrogate.mp4": 3,
  "Kat_Marie___The_Best_Way_To_Get_Over_A_Girl.mp4": 3,
  "Roxanne_Miller_-_New_Goals.mp4": 2,
  "Jessica_Ryan_-_For_Mother_s_Day__The_Magic_Mirror_Demands_Virgin_Cum.mp4": 3,
  "Jocelyn_Baker_-_Mommy_s_Masturbating_And_She_s_Getting_A_Bit_Carried_Away.mp4": 4,
  "Rachel_Steele_-_A_Sons_Love_2.mp4": 2,
  "Rachel_Steele_-_A_Sons_Love_1.mp4": 2,
  "Penny_Loren_-_Mom_and_Son_Beyond_Taboo_Mini_break.mp4": 2,
  "kelly_Payne_-_Momma.mp4": 2,
  "_MissaX__Charlie_Forde___Want_You_to_Want.mp4": 3,
  "_MissaX__Lilly_James___The_Real_Thing.mp4": 2,
  "_MissaX__RayVeness___It_s_Been_A_While.mp4": 4,
  "_MissaX__Addyson_James___Behind_Dads_Back_2.mp4": 3,
  "_FillUpMyMom__Anissa_Kate___Putting_My_Stepson_To_Work.mp4": 2,
  "_APovStory__Rayveness___Family_Matters_Pt_1.mp4": 4,
  "Pregnant_Sam_aka_TripleDBabe_-_Master_Fucks_His_Pregnant_Mommy_Sex_Slave.mp4": 2,
  "familytherapyxxx.25.05.12.angel.youngs.the.la.trip.mp4": 2,
  "Jessica_Starling__Gwen_Adora_-_Sister_And_Mommy_Taboo_Impregnation.mp4": 3,
  "Chloe_Surreal__Sophia_Locke_-_Spank_Me__Ive_Been_So_Bad_-_MommysGirl.mp4": 3,
  "Reagan_Foxx__Jade_Baker_-_Mother_Lovers_Society_20_Scene_4_-_Confessions_-_Sweet_Sinner.mp4": 3,
  "Lexi_Victoria__Melanie_Hicks_-_Daughter_Can_t_Help_Herself_4_-_First_Time_With_Mom_-_Taboo_Heat.mp4": 3,
  "Ondrea_Lee_-_Taking_Care_Of_Mommy.mp4": 3,
  "Marilyn_Mason_and_Larkin_Love_in_Sisterly_Love.mp4": 2,
  "Amiee_Cambridge__Melanie_Hicks_-_Moving_In_Vol_3_Scene_4_-_Milf_Overload_-_Taboo_Heat.mp4": 2,
  "Cece_Mecta_-_Forget_The_Pie__Fuck_Me_Instead_-_FillUpMyMom.mp4": 3,
  "Lauren_Phillips_-_Son_s_Bets_Pay_Off_Big_With_Mom_-_FillUpMyMom.mp4": 3,
  "ImMeganLive_-_Cum_4X_For_Naughty_Mommy.mp4": 3,
  "Mindi_Mink_-_Make_Our_Taboo_Fantasy_Reality.mp4": 4,
  "Mindi_Mink_-_Mommy_Feeds_You_Her_Milk.mp4": 3,
  "Stepmom_You_Cant_Let_Dad_Know_If_I_Make_You_Pregnant_-_Brianna_Beach.mp4": 4,
  "Son_Cum_Inside_His_Stepmom_Because_Of_Cheating_Dad_-_Brianna_Beach.mp4": 4,
  "Two_Voluptuous_Busty_Lesbians_Have_Tribbing_On_The_Floor.mp4": 3,
  "With_Mom_And_Son.mp4": 2,
  "Cereal_Milkers.mp4": 2,
  "Mommys_Girl_-_MOMMY_S_GIRL_-_STEPMOMS_SQUIRTING_COMPILATION__ADRIANA_CHECHIK__LEXI_LUNA__COCO_LOVELOCK.mp4": 4,
  "Natasha_Nice_-_Lauren_Phillips_Mommy_Daughter.mp4": 3,
  "Busty_Teen_Babysitter_Gabbie_Carter_Idolized_By_The_Twisted_Parents.mp4": 3,
  "Persia_Monir-_Takes_Cum_In_Her_Hairy_Pussy.mp4": 2,
  "Penny_Barber_-_Slut_Mother.mp4": 3,
  "Creampie_my_big_tits_stepmom_because_she_wants_my_sperm.mp4": 4,
  "BaDoinkVR_CURVY_BABES_Compilation.mp4": 2,
  "Katie Cummings - Son Is Home For Spring Break.mp4": 3,
  "Kates Kurves aka Katie Cummings - Your Whore Mother.mp4": 3,
  "Sharing The Bed With Thick Busty Step Mom.mp4": 2,
  "Mom And Step Daughter Eating Pussy And Ass Compilation Casting.mp4": 2,
  "ass_eating_comp.mp4": 3,
  "Step DaddyStep-Daughter Time.mp4": 3,
  "Miss Katherine Noir - Stepmom Wont Admit Shes Jealous - Milfcaps.mp4": 3,
  "LaLunaLewd - The Truth About Mommy - INCESTFLIX COM.mp4": 3,
  "58070853ca3b7c29b4e3432e65af8c09cb83b816b72d8bc42b13f6dbdde09f03.mp4": 2
}