{
    "Jaybbgirl_-_Dad_Impregnation_Fantasy.mp4": [
        "#dad",
        "#impregnation",
        "#teen",
        "#daughter",
        "#pov"
    ],
    "Annabelle_Rogers_-_Unexpected_Taboo_Morning_Sex_With_Your_Mother_Before_School.mp4": [
        "#morning",
        "#school",
        "#bigtits",
        "#creampie",
        "#annabelle-rogers",
        "#taboo"
    ],
    "Lena_Paul_-_Family_Members_-_The_Love_is_Huge.mp4": [
        "#bigtits",
        "#lena",
        "#dad",
        "#daughter"
    ],
    "Lena_Paul_in_Daddy_Issues_-_Regrets.mp4": [
        "#bigtits",
        "#lena",
        "#dad",
        "#teen"
    ],
    "Lena_Paul_in_Daddy_Issues_-_Dont_Be_Mad_Mom.mp4": [
        "#dad",
        "#daughter",
        "#bigtits",
        "#lena"
    ],
    "Lena_Paul_-_Daddy_Issues_-_Bare_back_Studios.mp4": [
        "#dad",
        "#daughter",
        "#teen",
        "#bareback",
        "#bigtits",
        "#lena",
        "#full-length",
        "#lena-paul",
        "#daddy"
    ],
    "Clover_Wants_Both_-_cp-7-np-9.mp4": [
        "#creampie",
        "#mom",
        "#son",
        "#2 sons",
        "#bigtits",
        "#clover-baltimore"
    ],
    "Bess_Breast_-_Free_Use_Daughter_1_-_Is_This_Bikini_Small_Enough.mp4": [
        "#dad",
        "#daughter",
        "#bigtits",
        "#teen",
        "#bess-breast"
    ],
    "Margo_Sullivan_-_Sucking_Son_Volume_3.mp4": [
        "#mom",
        "#son",
        "#breastfeeding",
        "#handjob",
        "#margo-sullivan",
        "#suckling"
    ],
    "Margo_Sullivan_-_Sucking_Son_Volume_1.mp4": [
        "#mom",
        "#son",
        "#breastfeeding",
        "#handjob",
        "#margo-sullivan"
    ],
    "Selah_Rain_-_Mom_Gangbanged_By_Three_Sons_For_Her_Birthday.mp4": [
        "#mom",
        "#son",
        "#3 sons",
        "#bigtits",
        "#creampie",
        "#gangbang",
        "#selah-rain"
    ],
    "Dylann_Vox_-_Discipline_Your_Bratty_Goth_Daughter.mp4": [
        "#dad",
        "#daughter",
        "#bigtits",
        "#dylann-vox"
    ],
    "Oh_No__You_Gave_Me_A_Creampie_.mp4": [
        "#mom",
        "#son",
        "#bigtits",
        "#creampie"
    ],
    "Step_son_impregnated_not_his_lonely_Step_mom_again.mp4": [
        "#mom",
        "#son",
        "#impregnation",
        "#creampie",
        "#bigtits",
        "#rachel-steele"
    ],
    "Mom_wants_creampie.mp4": [
        "#mom",
        "#son",
        "#2 sons",
        "#creampie"
    ],
    "Dee_Williams__Natalie_Knight_-_Moms_Tough_Love_-_MommysGirl.mp4": [
        "#mom",
        "#daughter",
        "#lesbian",
        "#rimming",
        "#dee-williams",
        "#natalie-knight"
    ],
    "Jasmine_Wilde_-_Daughter_Keeps_Daddy_Home_To_Play.mp4": [
        "#dad",
        "#daughter",
        "#bigtits",
        "#teen",
        "#jasmine-wilde"
    ],
    "Breastfeeding_And_Giving_Handjob.mp4": [
        "#mom",
        "#son",
        "#breastfeeding",
        "#handjob"
    ],
    "Samantha_Hayes_fucks_her_Dad_better_than_Mommy.mp4": [
        "#dad",
        "#daughter",
        "#bigtits",
        "#samantha-hayes"
    ],
    "Bess_Breast_-_Free_Use_Daughter_2_-_You_Really_Should_Knock_Before_Cumming_In.mp4": [
        "#dad",
        "#daughter",
        "#teen",
        "#creampie",
        "#bess-breast",
        "#bigtits"
    ],
    "Bess_Breast_-_Breasts_Are_the_Best.mp4": [
        "#bigtits",
        "#dad",
        "#daughter",
        "#teen",
        "#creampie",
        "#bess-breast"
    ],
    "Natalie_Knight_-_Cream_Filled_College_Girl_Vol_5.mp4": [
        "#natalie knight",
        "#dad",
        "#daughter"
    ],
    "Skylar_Vox_-_Busty_Daughter_Is_Always_Horny.mp4": [
        "#bigtits",
        "#dad",
        "#daughter",
        "#creampie",
        "#skylar-vox"
    ],
    "Skylar_Vox_-_Daughter_Disciplined_By_Dad.mp4": [
        "#dad",
        "#daughter",
        "#bigtits",
        "#skylar-vox",
        "#daddy"
    ],
    "Skylar_Vox_-_Creamed.mp4": [
        "#bigtits",
        "#dad",
        "#daughter",
        "#skylar-vox"
    ],
    "Skylar_Vox_-_Submissive_daughter.mp4": [
        "#dad",
        "#daughter",
        "#bigtits",
        "#sub",
        "#skylar-vox"
    ],
    "Violet_Starr_-_My_Sweet_Step_Daughter.mp4": [
        "#dad",
        "#daughter",
        "#bigtits",
        "#violet-starr"
    ],
    "Violet_Starr_Big_Titted_Daddy_Loves_My_Big_Tits.mp4": [
        "#bigtits",
        "#dad",
        "#daughter",
        "#violet-starr"
    ],
    "All_Natural_Blonde_Step_Daughter_Coco_Lovelock_Pussy.mp4": [
        "#dad",
        "#daughter",
        "#creampie",
        "#teen",
        "#beg",
        "#coco-lovelock",
        "#blonde"
    ],
    "Margo_Sullivan_-_Sucking_Son_Volume_2.mp4": [
        "#bigtits",
        "#mom",
        "#son",
        "#breastfeeding",
        "#handjob",
        "#margo-sullivan",
        "#suckling"
    ],
    "Margo_Sullivan_-_Mommy_With_Her_Adult_Suckling_Son.mp4": [
        "#mom",
        "#son",
        "#bigtits",
        "#breastfeeding",
        "#handjob",
        "#margo-sullivan"
    ],
    "Margo_Sullivan_-_Mommy_And_Her_Suckling_Son.mp4": [
        "#bigtits",
        "#mom",
        "#son",
        "#breastfeeding",
        "#handjob",
        "#margo-sullivan",
        "#suckling"
    ],
    "Mother_Love_Hand_For_Son.mp4": [
        "#mom",
        "#son",
        "#captions",
        "#dirty talk",
        "#handjob",
        "#short",
        "#amateur"
    ],
    "Lolly_Dames__Brookie_Blair_-_Is_It_Really_Okay_To_Breed_My_Mom.mp4": [
        "#breed",
        "#mom",
        "#son",
        "#bigtits",
        "#impregnation",
        "#lolly-dames",
        "#brookie-blair"
    ],
    "Rachel_Steele_-_Want_To_Do_Something_With_Your_Mom_-_Filthy_POV.mp4": [
        "#bigtits",
        "#mom",
        "#son",
        "#pov",
        "#rachel-steele"
    ],
    "Buxom_Milf_wants_to_check.mp4": [
        "#mom",
        "#son",
        "#bigtits",
        "#milf"
    ],
    "Taboo_Most_Good_Scenes.mp4": [
        "#mom",
        "#son",
        "#full-length",
        "#vintage",
        "#taboo"
    ],
    "Mom_Begs_Stepson_For_Creampie.mp4": [
        "#mom",
        "#son",
        "#creampie",
        "#beg"
    ],
    "Kelly_Payne_-_Mom_Talks_About_Birds_And_Bees.mp4": [
        "#mom",
        "#son",
        "#bigtits",
        "#pov",
        "#dirty talk",
        "#lactating",
        "#milking",
        "#kelly-payne"
    ],
    "Kelly_Payne_-_ABDL_-_Naughty_And_Nice_Mommy.mp4": [
        "#bigtits",
        "#mom",
        "#son",
        "#pov",
        "#abdl",
        "#creampie",
        "#dirty talk",
        "#kelly-payne"
    ],
    "SloansMoans_-_Let_Mommy_Drain_You.mp4": [
        "#bigtits",
        "#pov",
        "#mom",
        "#son",
        "#creampie",
        "#dirty talk",
        "#SloansMoans",
        "#mommy"
    ],
    "SloansMoans_-_You_Belong_To_Mommy.mp4": [
        "#bigtits",
        "#pov",
        "#creampie",
        "#dirty talk",
        "#SloansMoans"
    ],
    "SloansMoans_-_Mommy__The_Therapist.mp4": [
        "#bigtits",
        "#mom",
        "#son",
        "#creampie",
        "#dirty talk",
        "#pov",
        "#SloansMoans"
    ],
    "SloansMoans_-_Mommy_Is_Your_First.mp4": [
        "#bigtits",
        "#mom",
        "#son",
        "#creampie",
        "#pov",
        "#dirty talk",
        "#SloansMoans"
    ],
    "SloansMoans_-_Mommy_is_Here_For_You.mp4": [
        "#mom",
        "#son",
        "#bigtits",
        "#dirty talk",
        "#pov",
        "#creampie",
        "#SloansMoans",
        "#mommy"
    ],
    "Fiona_Costello_-_Fill_Mommy_Up.mp4": [
        "#bigtits",
        "#mom",
        "#son",
        "#pov",
        "#abdl",
        "#creampie",
        "#dirty talk",
        "#fiona-costello"
    ],
    "Fiona_Costello_-_Intimate_-_Fuck_Me_In_Missionary.mp4": [
        "#mom",
        "#son",
        "#bigtits",
        "#pov",
        "#fiona-costello"
    ],
    "Fiona_Costello_-_IM_TINGLING__Mommy.mp4": [
        "#bigtits",
        "#mom",
        "#son",
        "#pov",
        "#abdl",
        "#creampie",
        "#dirty talk",
        "#fiona-costello"
    ],
    "Fiona_Costello_-_Playing_In_The_Kiddie_Pool.mp4": [
        "#mom",
        "#son",
        "#bigtits",
        "#abdl",
        "#creampie",
        "#pov",
        "#dirty talk",
        "#fiona-costello"
    ],
    "Sasha_Curves_-_Mommy_and_son_start_a_family.mp4": [
        "#creampie",
        "#impregnation",
        "#mom",
        "#son",
        "#bigtits",
        "#pov",
        "#dirty talk",
        "#sasha-curves"
    ],
    "Caring_For_My_Stepmother-480p.mp4": [
        "#mom",
        "#daughter",
        "#lesbian",
        "#bigtits"
    ],
    "MILF_VR_Moms_big_tits-480p.mp4": [
        "#mom",
        "#son",
        "#bigtits",
        "#vr"
    ],
    "Big_Creampie_To_My_Big_Boobs_Mature_Stepmom.mp4": [
        "#mom",
        "#son",
        "#creampie",
        "#bigtits"
    ],
    "Annabelle_Rogers_Mommy_Milkers.mp4": [
        "#bigtits",
        "#mom",
        "#son",
        "#milking",
        "#dirty talk",
        "#annabelle-rogers",
        "#natural"
    ],
    "Lalunalewd_-_End_of_the_World_with_Mommy.mp4": [
        "#mom",
        "#son",
        "#bigtits",
        "#pov",
        "#lalunalewd",
        "#creampie",
        "#dirty talk"
    ],
    "lalunalewd_The-Truth-About-Mommy_converted.mp4": [
        "#lalunalewd",
        "#bigtits",
        "#mom",
        "#son",
        "#pov",
        "#creampie"
    ],
    "Don-t-Leave-Your-Mean-Mommy_Lalunalewd_converted.mp4": [
        "#lalunalewd",
        "#mom",
        "#son",
        "#bigtits",
        "#pov",
        "#creampie",
        "#dirty talk"
    ],
    "Dirty-Talking-Mom.mp4": [
        "#mom",
        "#son",
        "#dirty talk",
        "#creampie"
    ],
    "Vanessa_Cage-_Daddy.mp4": [
        "#dad",
        "#daughter",
        "#bigtits",
        "#teen",
        "#vanessa-cage"
    ],
    "Busty_Step_Mom_Fucks_POV.mp4": [
        "#mom",
        "#son",
        "#pov",
        "#bigtits"
    ],
    "LaLunaLewd_-_Mommy.mp4": [
        "#lalunalewd",
        "#bigtits",
        "#mom",
        "#son",
        "#dirty talk",
        "#creampie"
    ],
    "LaLunalewd_-_Mommy_Taboo.mp4": [
        "#lalunalewd",
        "#bigtits",
        "#dirty talk",
        "#pov",
        "#creampie",
        "#mom",
        "#son",
        "#taboo"
    ],
    "Ava_Nicks_Big_Boobs.mp4": [
        "#mom",
        "#son",
        "#bigtits",
        "#dirty talk",
        "#handjob",
        "#ava-nicks"
    ],
    "PureTaboo_The.List.mp4": [
        "#pure taboo",
        "#full-length",
        "#dad",
        "#daughter",
        "#teen",
        "#creampie",
        "#beg"
    ],
    "MissaX_Mommys_Boys_-_cp-6.mp4": [
        "#missax",
        "#bigtits",
        "#mom",
        "#son",
        "#2 sons",
        "#creampie",
        "#dirty talk",
        "#mommysBoys",
        "#natasha-nice"
    ],
    "Mommys_Girl_Big_Boobs.mp4": [
        "#mom",
        "#daughter",
        "#bigtits",
        "#teen",
        "#lesbian"
    ],
    "Jocelyn_Baker___Mommy_Needs.mp4": [
        "#bigtits",
        "#mom",
        "#son",
        "#pov",
        "#dirty talk",
        "#creampie",
        "#impregnation",
        "#jocelyn-baker"
    ],
    "Jocelyn_baker___Mommy_wants_a_baby.mp4": [
        "#bigtits",
        "#mom",
        "#son",
        "#dirty talk",
        "#pov",
        "#creampie",
        "#jocelyn-baker"
    ],
    "Margo-Sullivan_wants-cp-5.mp4": [
        "#mom",
        "#son",
        "#bigtits",
        "#dirty talk",
        "#creampie",
        "#margo-sullivan"
    ],
    "Jocelyn_Baker-_Leia-cp-9.mp4": [
        "#bigtits",
        "#pov",
        "#dirty talk",
        "#creampie",
        "#beg",
        "#mom",
        "#son",
        "#jocelyn-baker"
    ],
    "Jocelyn_Baker-_wants_Baby-cp-8.mp4": [
        "#impregnation",
        "#pov",
        "#bigtits",
        "#creampie",
        "#mom",
        "#son",
        "#jocelyn-baker",
        "#dirty talk"
    ],
    "Jocelyn_Baker_-_Netflix_and_chill.mp4": [
        "#milking",
        "#bigtits",
        "#pov",
        "#creampie",
        "#mom",
        "#son",
        "#dirty talk",
        "#jocelyn-baker"
    ],
    "Mommys_Girl_-ava-adams-ae-4.mp4": [
        "#mom",
        "#daughter",
        "#lesbian",
        "#dirty talk",
        "#rimming",
        "#bigtits",
        "#ava-addams",
        "#mommysGirl"
    ],
    "Mommys_Girl_-ava-adams-ae-3.mp4": [
        "#bigtits",
        "#lesbian",
        "#mom",
        "#daughter",
        "#rimming",
        "#dirty talk",
        "#mommysGirl",
        "#ava-addams"
    ],
    "Mommys_Girl_-ae-9.mp4": [
        "#mom",
        "#daughter",
        "#lesbian",
        "#bigtits",
        "#rimming",
        "#dirty talk"
    ],
    "MissaX_Alexis_Fawx_-_The_Getaway_V_Camping_Edition-cp-8.mp4": [
        "#missax",
        "#bigtits",
        "#mom",
        "#son",
        "#creampie",
        "#alexis-fawx"
    ],
    "Alura_Stepmom-_Filling_dads_shoes-boobs-cp-4.mp4": [
        "#mom",
        "#son",
        "#bigtits",
        "#dirty talk",
        "#creampie",
        "#alura-jenson"
    ],
    "Penny_Pax-cp-8.mp4": [
        "#penny pax",
        "#bigtits",
        "#mom",
        "#son",
        "#creampie",
        "#dirty talk"
    ],
    "Penny_Pax-cp-7.mp4": [
        "#bigtits",
        "#pov",
        "#mom",
        "#son",
        "#creampie",
        "#dirty talk",
        "#penny-pax"
    ],
    "Natasha-nice-violet-Penny_Pax-mommysgirl-boobs-ae-8.mp4": [
        "#lesbian",
        "#mom",
        "#daughter",
        "#rimming",
        "#dirty talk",
        "#natasha-nice",
        "#penny-pax",
        "#violet-starr",
        "#bigtits"
    ],
    "mommysgirl-boobs-ae-7.mp4": [
        "#mom",
        "#daughter",
        "#bigtits",
        "#lesbian",
        "#rimming",
        "#dirty talk"
    ],
    "stepmom-lauren-boobs-cp-8.mp4": [
        "#lauren",
        "#bigtits",
        "#mom",
        "#son",
        "#creampie",
        "#dirty talk"
    ],
    "stepmom-boobs-cp-8-np9.com.mp4": [
        "#mom",
        "#son",
        "#creampie",
        "#impregnation",
        "#bigtits",
        "#dirty talk",
        "#dee-williams"
    ],
    "Violet_Starr_-_Wants_A_Taste_Of_Daddys_Warm_Cum_-_Bad_Daddy_POV.mp4": [
        "#daddy",
        "#daughter",
        "#violet-starr",
        "#Bad Daddy",
        "#POV"
    ],
    "Father_makes_his_Daughter_a_woman._Vanessa_Cage.mp4": [
        "#daughter",
        "#father",
        "#daddy",
        "#vanessa-cage"
    ],
    "Mom_begs_son_for_a_creampie.mp4": [
        "#creampie",
        "#mom",
        "#son",
        "#beg"
    ],
    "Payton_Hall_-_Son_Knocks_Up_Mom.mp4": [
        "#mom",
        "#son",
        "#payton-hall",
        "#creampie",
        "#bigtits",
        "#impregnation"
    ],
    "Ivana_Montana_-_Son_cums_inside_mom.mp4": [
        "#ivana-montana",
        "#son",
        "#mom",
        "#creampie"
    ],
    "Natasha_Nice__Eliza_Eves_-_You_Did_Great__Honey_-_MommysGirl.mp4": [
        "#natasha-nice",
        "#eliza-eves",
        "#mommysGirl",
        "#lesbian",
        "#bigtits",
        "#rimming"
    ],
    "Chloe_Surreal_-_Daddy_Time.mp4": [
        "#chloe-surreal",
        "#dad",
        "#daughter",
        "#daddy",
        "#bigtits",
        "#beg"
    ],
    "Lovely_Lilith_-_Caught_Mom_Cheating.mp4": [
        "#lovely-lilith",
        "#mom",
        "#son",
        "#bigtits",
        "#natural",
        "#POV"
    ],
    "Kat_Marie_The_New_Best_Friend.mp4": [
        "#kat-marie",
        "#mom",
        "#son",
        "#bigtits"
    ],
    "I_Can_Make_This_All_Go_Away_Sarah_Arabic.mp4": [
        "#sarah-arabic",
        "#dad",
        "#daughter",
        "#bigtits"
    ],
    "CodiX_-_Mom_Impregnation.mp4": [
        "#codi-vore",
        "#mom",
        "#son",
        "#impregnation",
        "#POV",
        "#bigtits"
    ],
    "Amber_Alder_-_Mom_the_Internet_is_Broken.mp4": [
        "#amber-alder",
        "#mom",
        "#POV",
        "#bigtits",
        "#creampie"
    ],
    "Rachel_Steele_-_son_comes_home_red.mp4": [
        "#rachel-steele",
        "#son",
        "#mom"
    ],
    "Big_natural_tits_milf_give_handjob_sex_video.mp4": [
        "#natural",
        "#bigtits",
        "#milf",
        "#handjob",
        "#mom",
        "#son"
    ],
    "Violet_Starr_-_My_Daughter_Squirts_Vol_5_-_Diabolic_Video.mp4": [
        "#violet-starr",
        "#daughter",
        "#dad",
        "#squirt"
    ],
    "Kelly_Payne_-_Pregnant_Mom_Wants_DP_From_Sons.mp4": [
        "#kelly-payne",
        "#pregnant",
        "#mom",
        "#dp",
        "#2 sons",
        "#POV",
        "#creampie"
    ],
    "Heather_Honey_-_My_Daddy_Trained_Me_Well_8_-_LethalHardcore.mp4": [
        "#heather-honey",
        "#daddy",
        "#dad",
        "#LethalHardcore",
        "#daughter",
        "#bigtits"
    ],
    "Mistress_T_-_My_Boy.mp4": [
        "#mistress-t",
        "#mom",
        "#son",
        "#handjob",
        "#dirty talk",
        "#suckling",
        "#breastfeeding"
    ],
    "Kat_Marie_-_Summer_With_Mom_2_-_The_Secret_-_Taboo_Heat.mp4": [
        "#kat-marie",
        "#mom",
        "#son",
        "#taboo",
        "#tabooHeat",
        "#bigtits"
    ],
    "Angel_Youngs_-_Dirty_Talking_Daughters_6_-_LethalHardcore.mp4": [
        "#angel-youngs",
        "#daughter",
        "#dirty talk",
        "#dad",
        "#LethalHardcore"
    ],
    "Mom_wakes_son_up_for_school_complete.mp4": [
        "#mom",
        "#son",
        "#roleplay",
        "#POV",
        "#school"
    ],
    "Krissy_Lynn_-_Movie_Night_with_Daughter.mp4": [
        "#krissy-lynn",
        "#daughter",
        "#daddy",
        "#dad",
        "#bigtits",
        "#creampie"
    ],
    "Mischa_Brooks_-_My_Daughter_Tossed_My_Salad_6_-_LethalHardcore.mp4": [
        "#mischa-brooks",
        "#daughter",
        "#rimming",
        "#dad",
        "#daddy",
        "#LethalHardcore"
    ],
    "Alison_Rey_-_A_Daughters_Love_-_Pure_Taboo.mp4": [
        "#alison-rey",
        "#daughter",
        "#dad",
        "#PureTaboo"
    ],
    "Alura_-_Pov_Big_Boobs_Plump_Mom_Shows_Son_Love_With_Incest.mp4": [
        "#alura-jenson",
        "#bigtits",
        "#mom",
        "#son",
        "#POV"
    ],
    "Alura_jenson_cheering_up_mom.mp4": [
        "#alura-jenson",
        "#bigtits",
        "#mom",
        "#son",
        "#blonde"
    ],
    "Eliza_Eves_-_Chin_Up__Buttercup_-_Pure_Taboo.mp4": [
        "#eliza-eves",
        "#PureTaboo",
        "#daughter",
        "#dad"
    ],
    "Lexi_Lore_-_Daddys_Special_Hug_-_Pure_Taboo.mp4": [
        "#lexi-lore",
        "#PureTaboo",
        "#daddy",
        "#daughter"
    ],
    "Jaybbgirl_-_Breed_Me__Daddy.mp4": [
        "#jaybbgirl",
        "#breed",
        "#daughter",
        "#daddy",
        "#dad",
        "#impregnation",
        "#creampie"
    ],
    "Xev_Bellringer_in_Impregnating_Mommy__More_Immersive_.mp4": [
        "#xev-bellringer",
        "#impregnation",
        "#mommy",
        "#mom",
        "#son",
        "#bigtits",
        "#POV",
        "#breed"
    ],
    "Joclyn_Stone_-_Mom_Distractions.mp4": [
        "#joclyn-stone",
        "#bigtits",
        "#mom",
        "#son"
    ],
    "Creampie_my_big_jugs_stepmom_while_dad_out_of_town.mp4": [
        "#creampie",
        "#mom",
        "#son",
        "#bigtits"
    ],
    "Lila_Lovely_-_Caution__Wet_Mom_-_Oops_Family.mp4": [
        "#lila-lovely",
        "#family",
        "#mom",
        "#son",
        "#oopsFamily"
    ],
    "Jill_Kassidy__Rachael_Cavalli__Bunny_Madison__Codi_Vore_-_A_Jaunt_With_The_Aunts_-_MommysGirl.mp4": [
        "#jill-kassidy",
        "#rachel-cavalli",
        "#bunny-madison",
        "#codi-vore",
        "#mommysGirl",
        "#aunt",
        "#mom",
        "#daughter",
        "#lesbian"
    ],
    "Kat_Marie_-_Summer_With_Mom_1_-_Catching_Up_-_Taboo_Heat.mp4": [
        "#kat-marie",
        "#bigtits",
        "#mom",
        "#son",
        "#creampie"
    ],
    "Rebel_Lynn__Mindi_Mink_-_Sex_Texts_-_MommysGirl.mp4": [
        "#rebel-lynn",
        "#mindi-mink",
        "#mommysGirl",
        "#bigtits",
        "#mom",
        "#daughter",
        "#lesbian",
        "#rimming"
    ],
    "Grandma_convinces_Mom_to_have_sex_with_her_Son.mp4": [
        "#grandma",
        "#mom",
        "#son",
        "#bigtits"
    ],
    "Big_Tits_Redhead_MILF_Step_Mommy_Ellie_Fucks_Step_Son_where_no_one_can_see.mp4": [
        "#bigtits",
        "#son",
        "#mom",
        "#milf",
        "#redhead"
    ],
    "Sophia_West_-_A_Mother_S_Confession_-_Missax.mp4": [
        "#sofia-west",
        "#mom",
        "#mother",
        "#son",
        "#missax",
        "#bigtits",
        "#creampie"
    ],
    "MissaX_-_Use_Me_to_stay_faithful_daddy.mp4": [
        "#missax",
        "#dad",
        "#daddy",
        "#daughter",
        "#teen",
        "#ellie-nova"
    ],
    "Daddy_dont_go.mp4": [
        "#missax",
        "#dad",
        "#daddy",
        "#daughter",
        "#rissa-may",
        "#bigtits"
    ],
    "Serena_Blair__Mindi_Mink_-_What_Were_You_Thinking_Mom_-_MommysGirl.mp4": [
        "#serena-blair",
        "#mindi-mink",
        "#mommysGirl",
        "#mom",
        "#daughter",
        "#bigtits",
        "#rimming"
    ],
    "Courtney_Scott_-_Fill_Me_Up_Daddy.mp4": [
        "#courtney-scott",
        "#creampie",
        "#dad",
        "#daughter",
        "#big-tits"
    ],
    "Courtney_Scott_-_Mom_makes_me_cum_inside_her.mp4": [
        "#courtney-scott",
        "#mom",
        "#son",
        "#POV",
        "#creampie",
        "#bigtits"
    ],
    "Courtney_Scott_-_Fuck_Me_Daddy.mp4": [
        "#courtney-scott",
        "#daughter",
        "#dad",
        "#daddy",
        "#bigtits",
        "#POV"
    ],
    "Carmen_Grant_-_Make_Me_Teenage_And_Pregnant__Daddy.mp4": [
        "#carmen-grant",
        "#teen",
        "#daddy",
        "#dad",
        "#daughter",
        "#pregnant",
        "#impregnation",
        "#bigtits",
        "#roleplay"
    ],
    "Penny_Pax_Taboo_Mom_Son_Roleplay.mp4": [
        "#penny-pax",
        "#taboo",
        "#roleplay",
        "#creampie",
        "#redhead",
        "#bigtits",
        "#mom",
        "#son",
        "#mommy"
    ],
    "Mommy_Dirty_Talk_N4L.mp4": [
        "#misstress-t",
        "#dirty talk",
        "#mom",
        "#son",
        "#bigtits",
        "#amateur",
        "#n4l"
    ],
    "Mom_helps_both_sons_cum.mp4": [
        "#mom",
        "#2 sons",
        "#son",
        "#bigtits",
        "#handjob",
        "#dirty talk"
    ],
    "Sasha_Curves_-_Always_Been_You_Mom.mp4": [
        "#sasha-curves",
        "#creampie",
        "#mom",
        "#natural",
        "#bigtits",
        "#POV",
        "#son"
    ],
    "This_Is_Not_A_Mommy_Movie.mp4": [
        "#mommy",
        "#son",
        "#mom",
        "#creampie",
        "#bigtits",
        "#taboo",
        "#compilation"
    ],
    "Kelly_Payne_-_Prince_Lays_Seed_Within_Mother_Queen.mp4": [
        "#kelly-payne",
        "#mother",
        "#mom",
        "#son",
        "#breed",
        "#impregnation",
        "#fantasy",
        "#roleplay",
        "#bigtits",
        "#POV"
    ],
    "Brianna_Beach_-_Gentle_touch.mp4": [
        "#brianna-beach",
        "#bigtits",
        "#mom",
        "#son",
        "#taboo"
    ],
    "Kelly_Payne_-_Bunkbed_Troublemakers.mp4": [
        "#kelly-payne",
        "#son",
        "#mom",
        "#mommy",
        "#abdl",
        "#bigtits",
        "#creampie",
        "#POV"
    ],
    "Kelly_Payne_-_Arrangment_With_Hard_Working_Mom.mp4": [
        "#kelly-payne",
        "#pregnant",
        "#bigtits",
        "#POV",
        "#natural",
        "#creampie",
        "#mom",
        "#son"
    ],
    "Mistress_T_-_Mum_Loves_Blue_Balls.mp4": [
        "#misstress-t",
        "#mom",
        "#son",
        "#amateur"
    ],
    "Clover_Baltimore__Sabrina_Violet_-_The_Birds_And_The_Bees_With_Mom_And_Dad_-_2.mp4": [
        "#clover-baltimore",
        "#sabrina-violet",
        "#mom",
        "#dad",
        "#daughter",
        "#bigtits"
    ],
    "The_Good_Daughter_starring_Renee_Roulette.mp4": [
        "#renee-roulette",
        "#daughter",
        "#dad",
        "#blowjob",
        "#POV"
    ],
    "Clover_Baltimore__Sabrina_Violet_-_The_Birds_And_The_Bees_With_Mom_And_Dad.mp4": [
        "#clover-baltimore",
        "#mom",
        "#dad",
        "#daughter",
        "#sabrina-violet",
        "#bigtits"
    ],
    "Jessica_Starling_-_Impregnate_Mommy.mp4": [
        "#jessica-starling",
        "#mommy",
        "#impregnation",
        "#beg",
        "#bigtits",
        "#blonde",
        "#creampie"
    ],
    "Mel_Melons_-_Massive_Mommy_Jugs.mp4": [
        "#vr",
        "#bigtits"
    ],
    "Huge_naturals_missionary_VR.mp4": [
        "#vr",
        "#bigtits"
    ],
    "Missionary_Close_Up_Compilation.mp4": [
        "#vr"
    ],
    "Melanie_Hicks__Alexa_Payne_-_Free_Use_Step_Mom_Vol_1_Part_2-4.mp4": [
        "#mom",
        "#son",
        "#melanie-hicks"
    ],
    "LaLunaLewd_-_Mommy_Fucks_Your_Night_Boner.mp4": [
        "#lalunalewd",
        "#mommy",
        "#mom",
        "#creampie",
        "#bigtits"
    ],
    "Kelly_Payne_-_Pregnant_Mom_Needs_You_To_Cum.mp4": [
        "#kelly-payne",
        "#mommy",
        "#pregnant",
        "#creampie"
    ],
    "Chad_Got_a_Reach_Around_Handjob_from_Big_titted_Milf_Mom.mp4": [
        "#mom",
        "#handjob",
        "#bigtits"
    ],
    "CockNinjaStudios_-_Son_Interrupts_Mom_In_The_Bath.mp4": [
        "#creampie",
        "#amateur",
        "#mom",
        "#son"
    ],
    "creampie_big_tit_mature_mom_fuck_sons.mp4": [
        "#creampie",
        "#mom",
        "#son",
        "#bigtits"
    ],
    "Danni_Jones_-_Mom_Catches_Son_Hiding_Evidence_-_AuntJudysXXX.mp4": [
        "#danni-jones",
        "#mom",
        "#AuntJudysXXX",
        "#son"
    ],
    "Gabbie_Carter_-_Naughty_Daughter_-_Family_Boxxx.mp4": [
        "#gabbie-carter",
        "#daughter",
        "#daddy"
    ],
    "Big_Slut_Mom_Melony_Melons_Fucks_Big_Hard_Dick_Pounding_Hard.mp4": [
        "#melony-melons",
        "#mom",
        "#bigtits"
    ],
    "Codi_Vore_-_Mommy_Catches_You_Watching_Her_Porn.mp4": [
        "#codi-vore",
        "#mom"
    ],
    "BaDoinkVR_CURVY_BABES_Compilation.mp4": [
        "#vr"
    ],
    "Vr_milf.mp4": [
        "#vr"
    ],
    "EPORNER.COM_-__asoM0gR4eyt__Lauren_Phillips_Anal_VR__720_.mp4": [
        "#vr"
    ],
    "Jessica_Starling__Gwen_Adora_-_Sister_And_Mommy_Taboo_Impregnation.mp4": [
        "#impregnation",
        "#mommy",
        "#daughter"
    ],
    "Chloe_Surreal__Sophia_Locke_-_Spank_Me__Ive_Been_So_Bad_-_MommysGirl.mp4": [
        "#mommysgirl",
        "#mommy",
        "#sophia-locke",
        "#chloe-surreal",
        "#pov"
    ],
    "Reagan_Foxx__Jade_Baker_-_Mother_Lovers_Society_20_Scene_4_-_Confessions_-_Sweet_Sinner.mp4": [
        "#reagan-foxx",
        "#jade-baker",
        "#mommy",
        "#daughter"
    ],
    "Lexi_Victoria__Melanie_Hicks_-_Daughter_Can_t_Help_Herself_4_-_First_Time_With_Mom_-_Taboo_Heat.mp4": [
        "#lexi-victoria",
        "#melanie-hicks",
        "#taboo-heat",
        "#mommy",
        "#mom",
        "#daughter",
        "#bigtits"
    ],
    "Ondrea_Lee_-_Taking_Care_Of_Mommy.mp4": [
        "#bigtits",
        "#mommy",
        "#daughter",
        "#son",
        "#bbw",
        "#pov",
        "#ondrea-lee"
    ],
    "Marilyn_Mason_and_Larkin_Love_in_Sisterly_Love.mp4": [
        "#marilyn-mason",
        "#larkin-love",
        "#sister",
        "#bigtits",
        "#lesbian"
    ],
    "Amiee_Cambridge__Melanie_Hicks_-_Moving_In_Vol_3_Scene_4_-_Milf_Overload_-_Taboo_Heat.mp4": [
        "#amiee-cambridge",
        "#melanie-hicks",
        "#mom",
        "#daughter",
        "#son",
        "#bigtits",
        "#pov",
        "#taboo-heat"
    ],
    "LaLunaLewd - Oops! Mother Exposed Herself.mp4": [
        "#lalunalewd",
        "#mom",
        "#bigtits"
    ],
    "Gabbie_Carter_-_Daddys_Little_Secret_-_New_Sensations.mp4": [
        "#gabbie-carter"
    ],
    "Sofie Marie - Sibling Rivalry.mp4": [
        "#sofie-marie"
    ],
    "Bettie_Bondage_-_Be_Mommy_s_Boy.mp4": [
        "#bettie-bondage"
    ],
    "London_River_-_Forbidden_Desires_2.mp4": [
        "#london-river"
    ],
    "Bess_Breast_Melanie_Hicks__Free_Use_Family_2__Fucking_Dad.mp4": [
        "#bess-breast",
        "#melanie-hicks"
    ],
    "Kari Cachonda - Seductive Mom - SexMex.mp4": [
        "#kari-cachonda"
    ],
    "Bettie_Bondage_-_Sons_Double_Penetrate_Mom.mp4": [
        "#bettie-bondage"
    ],
    "Mom Helps Step Son who can't Stop Jerking off Pt.3 - Janna Hicks.mp4": [
        "#janna-hicks"
    ],
    "Bess_Breast_And_Cory_Chase__My_Anal_Step_Daughter.mp4": [
        "#bess-breast",
        "#cory-chase"
    ],
    "Jenna-hicks-family-part-1.mp4": [
        "#jenna-hicks"
    ],
    "Annabelle_Rogers___Impregnating_Your_Mommy_on_Her_Wedding_Anniversary.mp4": [
        "#annabelle-rogers"
    ],
    "Jewell_Marceau_-_Spying_On_Your_Mom_Doing_Laundry_In_Her_Bra_And_Panties.mp4": [
        "#jewell-marceau"
    ],
    "16.10.2024_WEBDL_Yurievij_Dana Vespoli_Texting Incident_Missax_1080p.mp4": [
        "#dana-vespoli"
    ],
    "Mandy Flores, Barbie Bailey - Suckling on Mother.mp4": [
        "#mandy-flores",
        "#barbie-bailey"
    ],
    "Fiona_Frost__Melody_Mynx_-_The_Wonders_Of_Swinging_2_-_Grandma_Knows_Best_-_Perv_Nana.mp4": [
        "#fiona-frost",
        "#melody-mynx"
    ],
    "Lumi_Ray_-_Filled_With_Dads_Cum.mp4": [
        "#lumi-ray"
    ],
    "Paige Steele - Mommy Tries Out Her New Birth Control.mp4": [
        "#paige-steele"
    ]
}